Iloko,English
pangersonal,personal
panagtagikukua,possessive
siak,i
kaamo,knowledge
sika,you
dakami,we
dakayo,you
isuda,they
isuna,he
datayo,we
ko,my
tatangko,my father
lapismo,your pencil
mamangmo,your older sister
na,his
tamborna,his drum
ipakaammo,to let you know
makastrek,can go inside
you,your
agbuya,to watch
agdengngeg,listening
agaprus,to touch
agraman,to taste
tarakenyo,your pet
agpinta,to pain
abisbisekleta,riding a bike
agsipsipilyo,brushing teeth
uminom,to drink
gatas,milk
umabak,to win
sala,dance
pabuya,performance
balay,house
ay-ayam,toy
mula,plant
kabailo,playmate
pamilia,family
sago,tapioca pearl
salog,floor
goto,porridge
agikit,to laugh
masikog,pregnant
gita,creamy
ina,mother
alog,river
gasat,luck
kagat,bite
mapa,map
lokasion,location
distansia,distance
direksion,direction
sango,front
likod,back
makaanges,to breathe
agsisinnarak,to gather
agchachant,to chant
aguyek,to cough
agbahing,to sneeze
agdian,to stay
kannigid,left
kannawan,right
laud,west
daya,east
amianan,north
abagatan,south
ngato,top
baba,bottom
abay,beside
nagbaetan,between
silid-pagadalan,classroom
ridaw,door
tawa,window
lamisaan,table
tugaw,chair
pisara,blackboard
kabinet,cabinet
orasan,clock
silaw,light
kantina,canteen
pagay-ayaman,play area
uno,one
mulagat,to open eyes
salun-at,health
punas,to wipe
tukak,frog
kimmut,last child
utong,string beans
gugot,gums
lanut,rope
uggot,stalk
bukot,back of body
igalut,to tie
ugsa,deer
sugot,to plant
agtrabaho,to work
makipatang,to converse
agsaludsod,to ask a question
agpakada,to say goodbye
sumungbat,to answer
agyamanak,i thank you
nadangran,got hurt
dumawat,to ask for
sangoyo,in front of you
urayennak,wait for me
illbrenak,treat me
inikkannaka,i will give you
mailadawan,can be described
maidasig,can be classified
kabaélak,what i can do
agbisbisikleta,ride a bike
mamaestro,male teachers
mamaestra,female teachers
naganko,my name
kasangaymo,your birthday
kaykayatko,i like
saanko kayat,i don't like
tawenko,my age
aggigianak,i live
nagigalot,tied
birbirukek,i am looking for
tartarimaanen,fixing
gumatgatang,buying
aglablaba,washing clothes
biruken,will look for
agar arado,plowing
intayo,lets go
pagibellengan,for garbage
nagmano,showed respect
aggapgapas,gathering
agpungpungot,pulling hair
makakita,can see
makaraman,can taste
makaiggem,can hold
makaangot,can smell
makangngeg,can hear
pangdengngeg,for hearing
pangraman,for tasting
pangarikap,for touching
pakaus-usaran,make use of
agluglugan,is riding a vehicle
pangpunas,for wiping
panglinis,for cleaning
panglapped,for protection
kurikor,cotton buds
aggapu,coming from
ipakanna,to feed someone
tarakenna,his pet
agkarayam,to crawl
agag agas,treating
agrikos,to walk in a cirle path
agtugaw,to sit
nakadanonda,they arrived
isurat,to write
agaramid,to do
agad adal,studying
ik ikkan,giving
aglaglagto,jump
sabatennak,you greet me
sibugan,to water plants
tumagari,to speak
nudiket,but
pumigsa,to become strong
sumalun at,to become healthy
maiyaplikar,to be applied
nakabaddekka,you stepped on
masapulmo,you need
nalagip mo,you remembered
apankan,you go
agtalinaed,to stay
aglangoy,to swim
agtalinayod,to be connected
mailiwak,i miss
bassi-bassit,little by little
nasursurok,i learned
ubraen,to do
maestra,female teacher
agkaaweng,rhyming
pungto,ending
uni,sound
daniw,poem
kanta,song
iyebkas,to pronounce
kaspangarigan,for example
marunggay,malunggay tree
bantay,mountain
pagal-alaan,to get from
nanang,mother
aglalo,specially
iti,the
masagpawan,cooked with
dinengdeng,vegetable stew
idanon,to send
urnusen,to arrange
ikan,to put
digo,soup
makapabang-ar,can be refreshing
tinuno,grilled
payong,umbrella
payongko,my umbrella
paglinongko,my shlter
mangpabileg,strengthen
agtudo,to rain
nangisit,blackboard
ginatangko,i bought
usarek,i'll use it
aginit,to be sunny
tasa,cup
suka,vinegar
apoy,fire
okoy,shrimp fritter
saka,foot
lalaki,male
init,heat
mangan,to eat
litson,roasted pig
galon,gallon
talon,field
maleta,suitcase
kalesa,horse-drawn carriage
lakay,old man
sako,sack
oso,bear
siko,elbow
mansanas,apple
lamok,mosquito
lastiko,rubber band
kinnit,pinch
sagaysay,comb
lakasa,box
dalan,road
danum,water
daga,soil
tudo,rain
madi,no
agdan,stairs
igid,egde
adu,many
tukad,step
guyod,to pull
umel,mute
ellek,laugh
sainnek,hiccup
isilponak,connect me
birok-biroken,find it
panunuten,think about it
aspanunotka,reflect
pakasaritaan,story
gapu,cause
epekto,effect
problema,problem
solusion,solution
istoria,story
situasion,situation
natarusan,interpreted
gapu,because
isunga,therefore
daras,immediately
agtartaray,running
nasugat,got wounded
aggurigor,has a fever
nakabulos,escaped
agsakit,sick
naglayos,flooded
naisina,got separated
mabisinak,i'm hungry
naragsakak,i'm happy
kinagatak,i bit
dinanog,punched
nabasa,got wet
natinnag,fell down
pinagungtan,was scolded
timmakder,stood up
nabuong,broke
nagsangit,cried
natuduan,got wet from rain
kinamatna,ran after
ingalot,tied
sinabat,met
kaklase,classmate
pantasa,sharpener
pasyar,stroll
parke,park
tumeng,knee
kalding,goat
taltalon,field
akasya,acacia tree
poon,tree trunk
apong,grandparent
lugaw,porridge
agas,medicine
tiendaan,market
ginatang,purchases
awit,carry
padi,priest
ulep,cloud
puso,heart
tiempo,weather
kepkep,to embrace
puto,rice pudding
pagay,rice plant
tapa,dried meat
sultip,whistle
pustiso,denture
lapis,pencil
sepsep,to sip
pusipos,pivot
pulis,police
mapan,will go
iturongnak,guide me
impormasion,information
ladawan,picture
maistoria,tell a story
agis-istoria,telling a story
bulan,moon
bato,rock
bola,ball
bituen,star
nganga,mouth open
ngipen,teeth
kuton,ant
insekto,insect
linya,line
ima,hand
pag-ong,turtle
kuarto,room
ubing,child
kulibangbang,butterfly
sabong,flower
ngiwat,mouth open
banga,pot
bado,clothes
batia,basin
billit,bird
labba,basket
timba,pail
kubo,hut
baket,old woman
lobo,balloon
bittak,crack
bulong,leaf
buneng,knife
sugat,wound
nabanglo,fragrant
bayad,payment
indaton,offered
balitok,gold
singsing,ring
kasangay,birthday
magnada,they walk
agkarayam,to crawl
makaasideg,to get near
agay-ayam,to play
agbasa,to read
dumdumngeg,listening
agawid,to go home
agriing,to wake up
nangbisita,visited
nagluto,cooked
nangala,got
insagot,gave
aglaklako,selling
nagngalngal,chewed
indatonna,he offered
nangina,expensive
kalbo,bald
nabittak,cracked
natadem,sharp
gripo,faucet
bigao,winnowing basket
kur-it,apostrophe
contractions,contractions
pagmaymaysaen,to combine into one
panangpababa,shortening
maibalikas,to be pronounced
kaspagarigan,for example
isu’t,he is
isuna’t,he is
dakami’t,we are
dakayo’t,you are
sika’t,you are
datayo’t,we are
agsursurat,writing
agbasbasa,reading
aglanglangoy,swimming
aglutluto,cooking
agmula,to plant
aglako,to sell
agpabpabasol,blaming others
nangawid,went home
bag,bag
naglugan,rode
motorsiklo,motorcycle
mangtultulong,helping
ading,younger sibling
nangkibin,picked up
binmallasiw,crossed the road
kalsada,road
nagwalis,swept
tattay,earlier
nadayaw,respectful
nasingpet,kind
napili,chosen
agsala,to dance
nalalaing,skillful
mantika,oil
ruot,grass
rangtay,bridge
rikna,feeling
rabii,night
rukod,measure
reyna,queen
rosas,rose
ramay,finger
rambutan,rambutan fruit
relo,watch
ama,father
rupa,face
ruangan,window
pabula,fable
legend,legend
panagdrama,dramatization
aksion,action
rubrik,rubric
pangibasaran,basis
naipakita,was shown
nalaing,skillful
panag-arte,acting
paset,part
pasamak,event
nagakem,characters
napateg a napasamak,important event
katnu ken ania,when and what
pangawag,nickname
nagdayamudom.,she murmured
nakapungtot.,got angry.
napukaw.,disappeared.
nagdumog.,leaned forward.
pinidutna.,she picked it.
nagsinnaay.,she regretted
pinagbabawi.,repentance
ugedan,underline
dialogo,dialogue
nadayaw,courteous.
makipatang,to converse.
nataengan,elders.
agsaludsod,to ask a question.
agpakada,to say goodbye.
agdawat,to request.
sumungbat,to answer.
agyamanak.,thank you.
sinagutannaka,gave you a gift.
bestida,dress.
naragsakan,happy.
immarakup,hugged.
bisita,visitor.
sala,living room.
plasa,plaza.
agpasiar,to take a walk.
nasabatmo,you met.
pagtagariam,to greet.
nagkinnita,saw each other.
nagsinnabat,met each other.
nadungpar,bumped into.
agkikinnamat,playing together.
pagadalan,school.
nasakitan,hurt.
kuarta,money.
makan,food.
naimas,delicious.
regalo,gift.
nasangpetam,you arrived.
ikit,aunt.
maliiw,to miss someone.
agap-apuraak,i am in a hurry.
agpaigid,to be careful.
nakatugaw,sitting.
sango,front.
pinuros,gathered.
sampagita,sampaguita jasmine flower
nadi,bad
natarusan,forgiven
madil-dilaw,to be ashamed
itan-ok,pride
nabak-nang,rich
maalumamay,soft
damag,worry
maumay,to get tired
awan danag,no worry
mauyaw,to be scolded
maulaw,shy
mapaunget,to be made angry
nalabid,naughty
birbiruken,to look for something
nakita,seen
pakakitaan,where something can be found
uneg,inside
nakakarga,contained
rabaw,on top
nakaparabaw,placed on top
sirok,under
nakakabel diay sirok,located under
ruar,outside
adda idlay ruar,is outside
katre,bed
pusa,cat
pungan,pillow
aso,dog
kaykayo,tree
paypay,fan
babae,woman
ubbing,child
nakaiagem,holding
dakkel,big
nalukmeg,fat
agdigdigos,taking a bath
matmaturog,sleeping
kahon,box
basket,basket
gym,gym
agbuybuya,watching
basketball,basketball
pantalon,pants
paraangan,yard
aggikinnamat,playing together
aggalut,cutting
indayan,firewood
manga,mango tree
libro,book
nakimisa,attended mass
simbaan,church
kalasada,road
nakabulas,loose
prutas,fruit
metu,too
nakangiw-ngiwat,laughing loudly
nagimas,good
katungtong,talking to someone on the phone
lugan,vehicle
paganurotan,instructions
aramiden,to do
pampannunoten,thoughts
galaw,action
nalpasen,finished
madama,currently happening
panagusar,usage
itatta,now
inaldaw,everyday
kanayon,always
idi kalman,yesterday
sakbay nga,before
mangmangan,eats
agayay-ayam,is playing
umin-inom,drinks
agkatkatawa,laughing
agtaytayab,laughing
agidurduron,flying
sibsibugan,is watering
agbirbirok,is looking for
agbakasyon,will go on vacation
umununeg,is entering
agar-arado,is plowing
nagpasiar,strolled
nagdalus,cleaned
nagtaray,ran
nagkali,dug
nagpuros,picked
tinarimaan,accepted
pinunno,filled
gimmatang,bought
nagbuya,watched
naglaba,washed clothes
nagayab,called
nasaririt,was able to
agbaybayad,will pay
agsao,will speak
aganunot,will think
agpukpukkaw,will shout
ack stone,jacks game
manang,older sister
nasalun-at,healthy
itlog,egg
bumaranggay,community members
gobierno,government
masetas,plants
abut,hole
panagkaykaysa,unity
sabsabong,flowers
hardin,garden
bisekleta,bicycle
nadadael,broken
kaiman,harvest time
dram,container
kawes,clothes
namureng,dirty
agsuksukat,changing clothes
agkupkupin,covering oneself
umis-isem,smiling
agsangsangit,crying
agkarkarayam,playing
agpuspusipos,spinning
agbagbagkat,carrying on the shoulder
agitintinnag,falling
agsagsagaysay,combing hair
maiyaplikar,to apply
biag,life
panagbiag,life
rima,rhyme
tumultulong,helping
nagbagkat,carried
sumangpet,arrived
aggitara,to play guitar
isursuratko,i will write
agang-angaw,is barking
agar-amid,makes
agad-adal,studies
ik-ikkan,will be given
aglaglagto,jumps
agdigdigos,takes a bath
sumangpetak,i arrive
sabatemnak,greets me
nagpakada,said goodbye
sinaranay,turned on the light
nagkinnawat,received
agdissu,to reside
imminum,drank
agpukat,picked
aggian,live
agsubbot,save
maabog,will disappear
agparparut,cutting
aginana,to rest
agluglugan,riding a vehicle
pakanenna,feeds
agkikibin,picking
nagmulagat,looked around
agpalakpak,to clap
timpuak,jumped
kayo,wood
pagsungrod,post
arubayan,yard
karayan,river
street foods,street foods
agtutubo,youth
ginittaan,sauteed dish
rekado,ingredients
taraon,food
panagtutudo,rainy season
taraken,pet
kaay-ayam,playmate
leksion,lesson
assignment,assignment
eksamen,exam
baro a bad,new clothes
panagserra,end of school year
aso a puraw,white dog
biniigat,early morning
narat,obedient
nagtulang,bone
pagsilawan,light
maiparit,forbidden
basura,trash
mulmula,plants
pagtaengan,dwelling
karpintero,carpenter
maladaga,young man
umuli,to climb
masakit,sick
tuleng,deaf
radio,radio
temga,pond
nuang,carabao
nabannogen,tired
pasagad,cart
asona,his dogs
bulbulong,leaves
naumos,calm
agkaaruba,neighbors
dalag,young woman
kasipngetan,darkness
dakulap,hands
pitak,hole
nagleato,slipped
nangato,high
direksion,directions
wagas,step
panagaramid,the act of doing
pagasarunuen,to sequence
umuna,first
maikadua,second
kalpasanna,then
sumaruno,next
maudi,last
sakbay,before
malpas,after
insaruno,then added
kamaudiananna,finally
addang,step
aglaba,wash clothes
agsukat,change clothes
danuman,add water
palamiiisen,let it cool
agidda,to lie down
agkararag,pray
agbuggo,splash
agunnat,stretch
agwagwag,wash
ikahon,box
timbukelan,encircle
manisurat,write
agdrowing,draw
marisan,color
kupinek,i fold
bugwan,share
linayen,stir
sukaten,remove
ikarga,place inside
idulin,put away
ibati,leave behind
impisok,insert
nagawid,went home
kahel,orange
berde,green
pomelo,pink
agong,nose
panganan,bell
strawberry,strawberry
nalabbaga,red
ube,purple
ubas,grapes
cherries,cherries
asul,blue
krayola,crayon
paborito,favorite
nagan,name
masitas,plants
sandwich,sandwich
tinapay,bread
pagkinnaluben,to spread on
pulagidan,to spread
balkoten,to wrap
panagmula,planting
natnag,fell
umul-uli,climbing
nakaturog,sleeping
kibkibinen,being helped
bumallasiw,road
oles,blanket
parick,container for oil
agprito,to fry
nabatil,beaten
ipisok,to put in
para balay,for home
innapoy,rice
kanen,food
klasrum,classroom
kaeskuelaan,classmate
gamit,things
mausar,to be used
panagadal,studying
bangus,milkfish
sagpaw,topping
luf-lutuen,to cook by boiling
karne,meat
nateng,vegetables
bisinen,hungry
pagpilaan,place for lining up
nataengan,elderly
nakapsutdan,weak
pudno,truth
panagtimpla,preparing
kape,coffee
baso,glass
asukar,sugar
idanon,deliver
sidadayaw,respectfully
nagpakadaak,i asked permission
kinunana,she said
mabalin,possible
makappanak,i can go
dumar-ay,to attend
agkimitata,we will meet
awisenka,i am inviting you
padaya,party
insagana,prepared
oras,time
malem,afternoon
ulo,head
uyek,cough
gurigorria,colds
imbalakad,advice
doktor,doctor
panagisuro,teaching
agsurat,to write
avisen,to invite
panangawis,inviting
pamiliada,their family
card,card
nagpaset,problem
nakapasamakan,setting
parikot,characters
narisut,solved
naragsak,happy
naliday,sad
konsepto,concept
abilidad,skill
matarusam,you understand
naduma-duma,various
lubnak,swamp
bilbilinen,reminding
umas-asideg,to go near
siguradoak,i am sure
matiliw,to be caught
napardasak,i am fast
tumayab,to fly
malas,luck
natiliw,was caught
kinnan,ate
natay,died
baybay,sea
klinika,clinic
doktora,doctor
agpaparot,to extract
kaayan-ayat,beloved
balasang,young woman
tiniliw,captured
impawnawda,they took away
puraw,white
duyaw,yellow
maraubi,violet
bassit,small
atiddog,long
ababa,short
kalalainganna,medium
makunam,you can say
sapatos,shoes
bayabas,guava
amisaan,dining table
napukaw,lost
nagpidot,picked up
kinnanna,he ate
pinggan,plate
nasabat,encountered
ipus,tail
naglemmeng,hid
platito,small plate
tabla,plank
nasarakak,i found
panio,handkerchief
kalub,cap
bote,bottle
kawayan,bamboo
natumba,fell down
bunga,fruit
kaimito,star apple
tugtugaw,chairs
pitser,pitcher
kategoria,category
temperatura,temperature
tekstura,texture
pangnagan,the thing being described
mangiladawan,describes
nakigtot,afraid
mabisin,hungry
nabsog,full
naunget,angry
nalamiis,cold
napudot,hot
nabara,warm
nakersang,rough
nalamuyot,soft
natangken,hard
agkakanta,singing
salamagi,tamarin tree
bagi,body
sopas,soup
kapas,cotton
marshmallow,marshmallow
darat,sand
icedrop,ice drop
ules,blanket
pinagkadua,joined
baro a balikas,new word
kaipapanan,meaning
tarus,translation
benneg,hyphen
taray-kabalio,fast runner
siled-pagbasaan,library
gingat-pag-ong,turtle
taray,run
kabalio,horse
siled,room
pagbasaan,reading place
agaw-sipnget,dusk
agaw,to overcome
sipnget,darkness
singpet-kiteb,shy
singpet,well-behaved
kiteb,tick insect
gunay-pag-ong,slowpoke
gunay,slow
tangkan-ulo,stubborn
tangkan,hard
karimbaboy,walking on all fours
karim,share
kadamay,to accompany
baboy,pig
kudil-sibuyas,sensitive
kudil,skin
sibuyas,onion
ballasiw-taaw,overseas
ballasiw,across
taaw,sea
bantay-balay,watchdog
ipus-atiddog,long-tailed
naarsagid,easily offended
nabuntog,slow
napardas,fast
rumabiin,evening
nauilmek,quiet
kaay-ayanko,my friend
sim-mangpet,yesterday
kalman,won
atleta,athlete
pinakan,fed
nakakulong,imprisoned
pimmanaw,left
natulnog,obedient
natangsit,arrogant
panangusar,usage
nausar,used
naadalmo,you learned
pitik-bulag,hide and seek
pitik,flick
bulag,blind
bulan-laud,moon and stars
laud,stars
agwalis,sweeping
naggapu,came from
agulimekka,you must be quiet
nagdrowing,drew
bituin,star
minarisan,colored
nabayag,a long time
nakadanun,to be found
nakasangpet,arrived
bangkag,farm
sinabatmi,we met
kabagian,relatives
agkabsat,siblings
nagtugaw,sat down
simmangpet,arrived
nalawag,clear
magna,to walk
napaguntan,convinced
tumanao,barked
pangangan,noun
inladawan,described
nagaget,hardworking
managtulong,helpful
nataragsit,elegant
nawara,scattered
narugit,dirty
nabangsit,smelly
napintas,beautiful
nalawa,wide
nabaknang,rich
naisem,smiling
nagayad,orderly
nadalus,clean
nasalimetmet,thrifty
naanus,patient
nasapa,early
nauyong,bent
akikid,narrow
nailday,sad
nakitak,i saw
lata,can
agkawara,scattered
gayyem,friend
tungtungpaienna,he
ibabaga,says
rumbeng,should
tuladen,to imitate
pakwan,watermelon
pinagpagna,walked
santol,santol
sinukatko,i picked
paldak,row
lelang,grandmother
kapada-a-balikas,synonyms
naugedan,underlined
keyk,cake
tali,rope
sanga,branch
kueba,cave
guruod,thunder
imbelleng,threw
bulkang,volcano
nagna,walked
turon,banana roll
spaghetti,spaghetti
agbagkat,to carry
kasupadi-a-balikas,antonyms
adayo,far
asideg,near
nalaka,easy
narigat,difficult
nasadot,lazy
basbasaek,i am reading
karga,load
banawang,canal
papaya,papaya
agluto,to cook
inawis,invited
panagkasangay,birthday
immay,came
komento,comment
reaksion,reaction
silaba,syllable
aweng,sound
agkiwkiwar,to wave hands
agur-urnos,to arrange
mannakpakan,will feed
agpukpukan,to chop wood
nagnagna,walked
agwalwalis,to sweep
agpunpunas,to wipe
agaw-awit,to carry
aggus-gusgos,to scrub
ub-ubbing,children
lib-libro,book
del-delata,canned goods
agkasapulan,to be in need
kaaruba,neighbor
naawanan,lost something
pagsapulan,livelihood
pinanggep,purpose
gagayyem,friends
naan-anay,sufficient
mangibunong,to donate
bagas,rice
ag-agas,medicine
noodles,noodles
mangipaay,to offer
marigrigat,poor
nababaknang,rich
tarigagay,goal
maiwaragawag,to be famous
kinalaing,skill
napalangguad,famous
mapagpannakkel,boastful
mangibingay,to share
ayuda,help
pinagrigat,something worked hard for
naggaget,hardworking
nadungngo,caring
agkakabsat,siblings
napatanor,raised
aginnayat,to love each other
alikamen,tools
wara,litter
rugit,dirt
ubrada,work
mangyumos,to arrange
ayup,animal
dingwen,pet
mangtartaraken,to take care of animals
liwayan,neglect
pakanen,to feed
nalalapsat,healthy
makaay-ayo,pleasant
buybuyaen,to watch
nakurapay,difficult
naurnos,orderly
agtutunos,united
agtutunos kami.,we are united.
agtitinnulong kami.,we help each other.
panangyebkas,expression
kapanonotan,ideas
karielon,poster
pakdaar,announcement
ragup ti sasao,sentence
tao,person
kapitan,captain
mario,a name
banag,things
papel,paper
telepono,telephone
dudon,crayon
bado,dress
ayup,animals
lugar,places
plasa,plaza
paskua,christmas
domingo,sunday
kaykayat,to like
papanan,to go to a place
gummatang,bought
agpasiar,to stroll
inay-ayat,loved
pangtaripato,care
aglawlaw,environment
iladawan,to describe
tingnga,middle
kasarian,gender
pambabai,feminine
panialaki,masculine
plorera,vase
plastik,plastic
plaka,record
klase,class
klima,climate
klaro,clear
kilnik,clinic
kliente,client
globo,globe
drayber,driver
drakula,dracula
drama,drama
drebol,revolver
gripo,faucet
trabaho,work
ngilaw,jealous
sunget,stubborn
dangan,fast
nars,nurse
ekonomiks,economics
matematiks,mathematics
prinsesa,princess
hardinero,gardener
uliteg,uncle
manong,older brother
ninong,godfather
pulis,police officer
mannursuro,teacher
mangidadaulo,leader
bato,stone
pannekket,affixes
pasakbay,prefix
gillapi,infix
panikket-likud,suffix
ragup a pangnagan,collective nouns
umtaray,to run
umragsak,to be happy
maaramid,can be done
sinippit,was pinched
sinagana,was prepared
lutoan,kitchen
naapgana,was walked on
kilo,kilo
supot,bag
reppet,bunch
takal,a measure using a can
bulig,bunch
grupo,group
kaban,a large measure
tiniklis,a bunch
limon,a unit for counting small items like seeds
atado,pack
banda,band
nagdigos,took a bath
magmagna,will walk
nagliwliw,celebrated
mangmanganak,i will eat
maseknan,subject
pakaseknan,predicate
pagannurotan,instructions
naariwawa,wide
nakurangan,lacking
adalem,deep
nasirib,wise
naulimek,quiet
asided,near
naireb,found
nabuskel,complete
ababaw,shallow
nagannak,parents
simmurot,followed
nagsakay,rode
nangted,gave
nasam-it,sweet
naluom,ripe
ayaten,let's love
agay-ay-ayam,playing
mangidrowing,draw
isurat,write
pilien,choose
basaen,read
suroten,follow
kuadrado,square
timbukel,circle
triangguio,triangle
sukat,meter
ken istansa,and stanza
addaan ti paulo,has a theme
karakter,character
tignay,verb
siled-pagadalan,classroom
daksang-gasat,unexpected event
balay-pagdulinan,storage house
tingnga-aldaw,noon
tibker-pakinakem,strong-minded
igid-karayan,riverside
awanan-dayaw,disrespectful
tungpal-bilin,follow instructions
igid-baybay,seaside
napaspas,fast
kadakkelan,biggest
kabassitan,smallest
nasipnget,dark
barbaro,new
aglaba,to wash clothes
aglinis,to clean
agdigos,to bathe
mangtaripatu,to take care of
magusgustua,to like
maguyod,to pull
agdalan,to walk
mangmangted,to give
maturog,to sleep
inumnos,arranged
nagay-ayam,played
naungot,scolded
nakaida,hid
innala,got
naginnaw,washed dishes
probinsia,province
kariton,cart
pagluglugan,vehicle for riding
mais,corn
niog,coconut
unas,sugarcane
kalapaw,hut
dan-aw,lake
kawitan,leader
ray-aw,advice
lamiis,cool breeze
kumablaaw,to greet
mairana,visitors
dumap-aw,to arrive
mayepyep,peaceful
agurok,to snore
panangisarita,declarative
panagsaludsod,interrogative
pautos,imperative
mensahe,message
agdengdenggeg,listener
nakailanadan,summary
pagtutungtungan,topic being discussed
kapatgan,most important
panunot,thought
panangibaga,stating
panangistoria,storytelling
agdawat,to ask
pabor,favor
napalalo,extreme
ragsak,joy
pungtot,anger
buteng,fear
pannakakigtot,surprise
banuar,intelligent
nayanak,was born
malingel,famous
pagiliantayo,our country
nasustansia,nutritious
bitamina,vitamins
mineral,minerals
pigsá,strength
kired,energy
sagubanit,sickness
maliklikan,can be avoided
napudno,loyal
mapagtalkan,can be trusted
gabantay,guard
makigantil,to play
amo,owner
panagbuggo ti ima,hand washing
nasken,necessary
punasan,to wipe
nadalos a lupot,clean cloth
lasud,span of time
agsukat ti kawes,to change clothes
aggisigis ti ngipin,to brush teeth
naadus,clean
liklikan,avoid
kapudutan,heat of the sun
agitugot,to bring
maiyannatop,appropriate
ak,i
dayta,that
sitayo,we
sikami,we
sikayo,you
kenka,to you
kenkuana,to him
kadakuada,to them
bagik,my
kaniak,mine
bagim,your
kaniam,yours
bagina,her
kaniana,hers
bagitayo,our
kaniatayo,ours
bagimi,our
kaniami,ours
bagiyo,your
kaniayo,yours
bagida,their
kaniada,theirs
elemento ti istoria,story elements
plot,plot
paulo,theme
resolution,resolution
conflict,conflict
ay-ayup,animals
turong,direction
lugar,location
sumario,summary
solusyon,solution
parikut,problem
nangiturong,led
uken,pet dog
maris,color
painumen,to give water to drink
padigusen,to bathe an animal
pagiddaen,to provide a bed
ikamen,dog house
agpaspasiar,to take a walk
maikadua a tukad,second grade
nakapayong,using an umbrella
agtudtudo,raining
nalabasan,passed by
agur-uray,waiting
isardeng,to stop
dinagas,got wet
pinayungan,shared the umbrella with
mabiiten,late
oras ti serrek,class time
kabaelan,chores
lippasen,to finish
malabaan,to be washed
naragit,dirty
agpalo,to weed
inayaban,invited
nappanunot,thoughtful
simmungbat,answered
tumulong,to help
magusgustuan,to like
kendi,candy
sinam-it,sweets
maliwayan,to neglect
aggisigis,to brush
ribrib,cavity
pammarang,pain
agsakitsakit,hurts
binukbok,decayed
insangit,cried out
ingariet,to press hard
ungan,pillow
agrubwat,to get ready
dentista,dentist
pinag-ut,extracted
madadael,to be destroyed
agyaman,to thank
panangidasig,to compare
kasia,like
mata,eye
agna,body build
napartak,fast
agtaray,to run
kaparpartak,as fast as
aggergerlap,sparkles
baro,new
diamante,diamond
kalawlawag,bright
natangkan,hard
mamon,a type of soft bread
kallugong,hat
nalammiis,cold
yelo,ice
napigsa,strong
biruruko,lightning
utot,wind
kimat,lightning
sukog,shape
ay-ayam,toys
makmakan,foods
prutas,fruits
nasiglat,energetic
kumanta,to sing
agdrowing,to draw
agbabain,to be shy
aywan,pet
pato,duck
dutdot,feathers
amarilio,yellow
nangbalkot,covered
natirad,flat
sippit,beak
nakuttong,short
gurong,neck
maris dapo,gray color
burbor,fur
naraniag,bright
annak,children
nakakidem,closed eyes
agmulagat,to open the eyes
agtubo,to grow
agkakaingas,to play
agiina,to meow
pidaso,piece
intangal,removed
nasapulan,needed
sangaiwa,strange
anniniwan,shadow
narawet,delicious
tren tren,train toy
robot,robot toy
baby doll,doll
arroz caldo,rice porridge
nalabaga,red
marabiuen,violet
nagbukel,round
trianggulo,triangle
marapuso,heart-shaped
mannakigayyem,friendly
nasayaat,good
nusaan,patient
memannagayyem,friendly
pinnatas,beautiful
kulaneg,chubby
saantaay,good
nakaprinta,printed
ensiklopedya,encyclopedia
magasin,magazine
diyaryo,newspaper
dyornal,journal
annunsiyo,announcement
maiannunsio,announced
nakasurat,written
proklama,proclamation
pakaammo,notice
pablaak,publication
maiwaras,distributed
publiko,public
sino,who
ania,what
kaano,when
sadino,where
simbolo,symbol
komunidad,community
flat a surface,flat surface
visual a wagas,visual way
wagas,way
agnanaed,live
aminnan,north
minuyungan,orchard
uleg,snake
nakapotipot,wrapped around
puon ti kayo,trunk
kigtot,surprise
sakit,sickness
pagangesan,respiratory
virus,virus
awan nasisita nga agas,no proven cure yet
makaptan,get infected
miting,meeting
proyekto,project
panagdaldalus,cleaning
inpeksiyon,infection
sintomas,symptoms
maranrasan,experienced
mainimbagan,recover
nalaala,severe
hakbang,steps
alkohol,alcohol
sabun,soap
bibig,mouth
panangsurot,following
tisyu,tissue
gurigor,fever
kaadayo,distance
ospital,hospital
kasamit,sweetness
tangatang,sky
calculator,calculator
ugeng,fog
kasipnget,darkness
brillante,sparkling
kaalsem,sourness
suot,wearing
blusa,blouse
kalamuyot,softness
kalagan,lightness
trabahador,worker
alimbubuyog,bee
agsapul,to search
kapanunotan,mind
kalawag,brightness
cookies,cookies
katangkan,hardness
isem,smile
panaggayyem,friendship
honey,honey
lamisan,table
aglalaw,surroundings
komunikasion,communication
panangibingay,sharing
kapadasan,experiences
kapanunutan,thoughts
kabisado,familiar
matutop,appropriate
panagsasagannad,order
nagkikinnita,met
makaikawa,difficult
modiul,module
inted,given
pandemia,pandemic
agkakadua,together
agdama,current
kusto,correct
panangmintenar,maintaining
metro,meter
ay,oh
pinadawatan,offered
merienda,snack
naguni,rang
telepono,telephone
kadawyan,usually
aggian,to live
naturog,sleeping
simrek,entered
makinisa,churchgoers
timmayab,flew
indisso,placed
agin inana,resting
agur uray,waiting
agtatayab,flying
nagipan,placed
naduma duma,various
asket,basket
agay ayam,playing
nakangiw ngiwat,shouting
katrena,bed
agayay ayam,playing
umin inom,drinks
agsasarita,talking
nagkali,dug
salun at,healthy
umis isem,smiling
agkurkurikor,crawling
magango,withered
makset,dry
nakasagana,prepared
bigla,suddenly
immuneg,entered
aggayyem,friends
gaputa,because
sakbay,before
awan,none
eskuela,school
dagus,immediately
apaman a,when
makariing,to wake up
agsapa,morning
agbantay,guarding
pumanpanaw,leaving
pincalis,prohibited
selebrasion,celebration
dudon,ant
kaay ayam,playmate
nagtulangan,leftovers
attiddog,long
agdengdengeg,listens
naglangoy,swam
makisig,handsome
sabali,other
agasala,dancing
isagana,prepare
namnama,hope
direksion,direction
panagsasaruno,sequence
pagannurotan,instruction
sungbat,answer
umuna,first
maikadua,second
sumaruno,next
kalpasanna,then
maudi,last
uby,grapes
makapasalun at,healthy
surat,letter
pannakipatang,communication
modelo,model
imbitasyon,invitation
panggep,purpose
detalye,details
kumpleto,complete
sidadayaw,respectfully
naglaon iti,contained
nanang,mother
manursuro,teacher
anak,child
aldaw,day
bigat,morning
petsa,date
pirma,signature
gurigurigor,cold
sigurado,sure
impanaw,was taken away
naabak,was defeated
nakipasamano,shook hands
inarayat,was helped
ikkis,scream
sangsangit,cry
alaen,to be taken
binagsol,regretted
nagbalin,became
binrmallasivv,stumbled
naatalan,was hit by
nasakit,painful
maipagna,to step on
managdakdakes,evil men
fishball,fishball
grupo,team
kalaban,opponent
puon,tree trunk
mangga,mango tree
bisikleta,bicycle
ari,king
reyna,queen
pagarian,kingdom
gangannaet,stranger
prinsesa,princess
panawen,time
narusnub,name of a kingdom
natayag,tall
ado,many
siyam,nine
naliinaw,clear
nalinis,clean
napait,bitter
daan,old
mala-palasio,palatial
mara-iklog,wooden
naata,sour
nalapad,wide
nataraki,handsome
nalasbang,fresh
gumamela,gumamela flower
bolintek,marble
baka,cow
lako,item for sale
medalia,medal
ipos,tail
laso,ribbon
kotse,car
babai,woman
burnay,jar
kuneho,rabbit
ullaw,light
kapada,similar
kasupadi,opposite
kayat a sawen,meaning
pagarigan,example
manayunan,to enhance
paglaingan,skill
imbes,instead
adalen,let's study
nanus,patient
pagnaedan,dwelling
nalang,face
naalas,bad
aramid,action
managraem,respectful
natalna,peaceful
nasaet,kind
nalapsat,lovely
nailiday,sad
nasinop,economical
nailimaw,bright
namudel,diligent
makaunget,makes angry
makapungtot,infuriating
nakipet,narrow
nawatiwat,spacious
makaparag-o,makes happy
rumagsak,becomes happy
lumiday,becomes sad
nakapsot,weak
nasalon-at,healthy
immuna,first
nasakbay,first
napudaw,light-colored
napuskol,thick
naingpis,thin
unano,dwarf
pandek,short
naladaw,late
alisto,quick
nababa,low
narag-o,happy
nalukneng,mature
naparikot,worried
nagaspang,rough
naulemek,smooth
nalamii,smooth
nauneg,deep
narabaw,shallow
nalaaw,loud
nalam-ek,cold
nakaro,many
sobra,too much
tao,person
pannakisao,conversation
karruba,neighbor
sonata,sonata
kinanayon,condition
panagbagbagi,health
kulungan,cage
kusina,kitchen
bayabay,adverb
bayabay ti panawen,adverb of time
panawen,time
kadaras,frequency
mano,how much
tinawen,yearly
rinabii,at night
suntipnget,at dusk
alas-sais,six o'clock
tatta,now
madamdama,a while ago
no bigat,tomorrow
biernes,friday
sabado,saturday
mindemak,yesterday
idlay bakasion,during vacation
kanayonko,i always
mammano,seldom
maminsan,once
mamilo,thrice
sagpaminsan,sometimes
sagnaminsan,sometimes
mamillo,thrice
agpaspasyar,to take a walk
agsibsibog,to water plants
umalis,to leave
dagasen,to urge
nagri-ing,woke up
lumnek ti init,sunrise
agala,to get
lumnek,to rise
binangon,woke up
mangrugi,to start
agsungbat,to answer
agturog,to sleep
bumisita,to visit
agkanta,to sing
pammigat,breakfast
pinaggimong,meeting
bus,bus
kard,card
basurero,garbage collector
telebision,television
jogging,jogging
santa cruzan,religious procession
igid ti karayan,riverside
parabor,reward
sangit,cry
idiay,at
sadiay,there
ditoy,here
sadita,there
siruk,under
ngato,on top
likod,behind
ití,on
iti uneg,inside
iti ruar,outside
agin-ina,rested
tinulung,helped
nangikabil,placed
naisinop,was kept
naglutluto,cooked
nagkammel,gathered
indulin,kept
agasan,to treated
gumatang,buys
nagtatakan,raised
naikabil,was placed
nalipat,forgot
aparador,wardrobe
marabutit,kitten
tatsing,a game
lames,picnic
masapol,needs
sangati,visitor
botika,drugstore
panaderia,bakery
lason,poison
payong,umbrella
mula a masetas,potted plants
bangko,bank
nainayad,slowly
kinakapsot,weakly
kinaanus,patiently
kinaado,abundantly
kinapigsa,strongly
kinapintas,beautifully
nakaem,ferociously
naringgor,noisy
nadawel,lazily
napasnek,diligently
nadumanay,gently
agdardaras,hurriedly
nasiwal,soundly
nabannug,got tired
binagkat,carried
naawat,received
surotenda,they follow
tayab,fly
dayawek,i admire
natalek,trusts
komugtar,kicked
agay-ayos,flowing
panagbasa,reading
limmagto,jumped
nakakita,saw
naimula,were planted
panagsao,speaking
napan,went
dinengngeg,heard
bosses,voice
agkansyon,sings
kumagat,bite
panagdalluyon,waving
inawat,received
nagaramid,made
limmabas,passed by
nagadal,studied
umisem,to smile
tumaray,to run
kabalyo,horse
tiniklis a prutas,basket of fruit
sagut,gift
annuroten,instructions
eskuelaan,school
agtudon,it's about to rain
inang,mother
taraken nga aso,pet dog
motor,motorcycle
mannursuro,teachers
surat a panangawis,letter of invitation
surat a panagyaman,thank you letter
mangited iti mensahe,to give a message
mangited,to give
makirambak,to celebrate with
okasion,occasion
kalpasan,after
naaramid,happened
naisangsangayan,special
kablaaw,greeting
panagep,purpose
awisem,you invite
sapay koma ta...,i hope that...
makaumay,can come
biniag,birth
kakuyog,companion
itatabuno,the other time
kameng ti pamilia,family member
dios,god
kabsat,sibling
rubrik,rubric
urnos,order
dadakkel a letra,capital letters
linis,neatness
nalinis ti aramid.,the work is neat.
adda margin.,has margins.
garapon,jar
prutas,fruit
agdayao,be polite
agdalus,clean
pagsayaatan,rules
pappapel,papers
nadumaduma,various
kinaatiddog,length
kinaababa,shortness
kinadakkel,largeness
kinabassit,smallness
naidumduma,different
agsalsala,dancing
agkankanta,singing
manaynayunan,increasing
nabuteng,afraid
agpada,similar
palibang,firework
lapayag,ears
abaga,chest
tengnged,neck
tiyan,belly
bara,lungs
usar,function
tignay,action
ladawan,picture
pangrikna,feel
sustansia,nutrition
pagsalun-at,health
pangsalakniib,protection
pagtataengan,shelter
sipelio,toothbrush
iklog,egg
simbahan,church
kasinsin,cousin
pinadakkel,raised
tinaraken,cared for
miembro,member
tatang,father
manong,older brother
aw-awagan,nickname
ag-awir,take care of
liwliwa,joy
panagpapada,similarities
panagdidinnuma,differences
relihion,religion
kristiano,christian
muslim,muslim
agsisinnakit,to care for each other
respeto,respect
panagkikinnu-yog,cooperation
paaweng,vowels
pauni,consonants
pangibalikas,pronunciation
panangiyebkas,enunciation
agkadua,pair
paggep,goals
klinik,clinic
siled-komputer,computer room
kantin,canteen
bilang,count
prinsipal,principal
guardia,guard
tagalinis,cleaner
bombero,firefighter
obrada,their job
agsirsirbi,serve
panagdayaw,greeting
panagyaman,gratitude
dispensar,sorry
kayat,like
saan,not
saan a kayat,dislike
abal-balay,toys
yoyo,yo-yo
tren-tren,toy train
naayat,loving
nalammuyot,soft
naalsim,sour
nalammilis,smooth
nakatakder,standing
nainit,sunny
naulep,cloudy
naangin,windy
agbagbagyo,stormy
angin,wind
nagpudot,hot
lammiis,cold
pug-aw,breeze
letra,letter
pasurotan,trace
ispeling,spelling
panangisurat,writing
husto,correct
saan nga husto,incorrect
balikas,word
mabukel,to form
nawara-wara,scrambled
pannakaispeling,the spelling
bigbigen,identify
parupo,paragraph
daniw,poem
linia,line
kappia,peace
balligi,success
ballitok,gold
opisina,office
napateg,important
nakaiparsuaan,creation
kinabaknang,wealth
agar-aramid,doing
aktibidades,activities
makaited,can give
pagalaan,sources
dakes,bad
maaw-awag,is called
mangparparugit,that pollute
kosina,kitchen
minuyongan,garden
napusaksak,blooming
ala,get
kadin,please
ibagam,tell
napnuan,full of
dayag,praise
denggem,listen
ibagak,I will tell
apo,lord
namarsua,creator
edukasion,education
bersikulo,verse
hustisia,justice
kultura,culture
pangayo,requesting
plato,plate
masinaan,noticed
nasepnget,dark
pagdalanan,path
paglinglingedam,hiding from
ammo,know
selawan,light
panagpugto,riddle
saludsod,question
nakalemmeng,hidden
kayat a sawen,meaning
sungbatan,to answer
panagpanunot,thinking
padarigan,example
niyog,coconut
bain-bain,shameplant
agsursuro,will learn
pagtoengan,dwelling
anghel,angel
nakaruar,came out
magrupo,to be grouped
saggaysa,individually
maaw-awagan,is called
pagarigan,example
kutsara,spoon
kamatis,tomato
kaldero,cooking pot
bolpen,ballpen
tarong,eggplant
asin,salt
buok,hair
ketsup,ketchup
tumibker,to become strong
tultulang,bones
agus-usar,using
nangabak,won
napuros,picked
pangtempla,for mixing
insangpet,brought home
ayus,flow
pangsalakinib,to prevent
nalipatan,forgot
darakkel,are huge
binulod,borrowed
elemento,element
nagpaset,character
nakapasamakan,setting
pasamak,plot
solusion,solution
garreta,store
tsinelas,slippers
bikal,pole
dinguen,animal
impagatang,was asked to buy
nagyaman,thanked
impalagip,reminded
inasitgan,approached
naigalis,slipped
impukkaw,yelled
sapsapulen,will look for
nagsibbol,shook
naregreg,fell down
agnaed,lives
agpakpakan,feeds
agpapainum,gives water to
aglagto,to jump
agakas,to collect
nagsakit,painful
pangpersonal,personal
yo,your
agassawa,married couple
mangisalda,to pawn
batog,opposite
langit,heaven
nakuliaapan,amazed
pinangibelleng,throwing away
nagballa,got angry
nagpungtot,got furious
parikot,bundle
nadagasen,heavy
napuslo,messy
isagut,to give as a gift
rungaab,cry
nilabaan,washed clothes
murengmi,our dirty clothes
nakaawat,received
kalamansi,calamansi fruit
nalastog,boastful
naguray,waited
sangalobungan,the whole world
panagsangit,crying
agas-asok,smoking
reaksion,reaction
kapanunotan,thought
marikna,to feel
kapadasan,experience
isyu,issue
damdamag,news
gadyets,gadgets
opinyon,opinion
pammati,belief
artikulo,article
programa,program
gobyerno,government
cash-for-work,cash-for-work
mangtarabay,to guide
nangasistar,assisted
tulong,help
drayber,driver
surat,letter
telegrama,telegram
makaipatulod,can send
dokumento,document
pagiwamak,media
damag,news
napasamak,happened
napartak,fast
kinaanus,patience
pagiwarnak,newspaper
liwliwa,entertainment
isports,sports
obituario,obituary
negosio,business
indeks,index
panid,page
napasamak,happened
mannurat,writers
salisal,games
obra,job
panakaammo,announcement
naikedkedengan,important
maseknan,bereaved
nagkasar,got married
nawaya,wide
pangatwen,make higher
pimmusayen,died
grap,graph
drowing,drawing
datos,data
bilang,number
pangkuentaan,for counting
pagtuponen,to combine
pagdagupem,you add up
pagnayonen,to be added together
katumbas,equivalent
kabassitan,least
kaadwan,most
agpada,equal
klase,types
amin,all
nalako,sold
enero,january
pebrero,february
marso,march
abril,april
nagmula,planted
saba,banana plant
lalake,male
obra,job
trabahador,worker
makiraraep,farmer
kargador,porter
tanod,watchman
napatta-patta,harvested
mangalap,to catch fish
nakalap,caught
ilustrasion,illustration
lebel,label
detalye,details
agdigós,to take a bath
aggaggaggi,brushing teeth
panagadal,study
ubíng,child
nakasuot,wearing
ribbon,ribbon
pagadalan,school
simbaan,church
agtartaray,running
agin-indayon,swinging
nakatugaw,sitting
food pyramid,food pyramid
porsiento,percent
prútas,fruits
naténg,vegetables
karné,meat
ikán,fish
gatás,milk
itlóg,egg
pasta,pasta
bukbúkel,grains
taba,fat
mantiká,oil
asukar,sugar
nasasam-it,sweet
namantika,oily
nasustansia,nutritious
makan,food
porma,form
pagasaritaan,subject
kinaadu,count
maulit,to be repeated
pangkadua,for two
pang-adu,for many
nagkanta,sang
agdidigos,taking a bath
agsusurat,writing
nagsurat,written
aglalako,selling
naglako,sold
agdaniw,to recite a poem
agdandaniw,reciting a poem
nagdaniw,recited a poem
agtulong,to help
agtultulong,helping
timmulong,helped
agluluto,cooking
agsasala,dancing
nagsala,danced
aglalagto,jumping
naglagto,jumped
panagtulong,helping
panagwalis,sweeping
panaglinis,cleaning
panaginnaw,washing dishes
panagsibog,watering plants
masapa,early
riing,to wake up
pasalip,contest
manarimaan,ongoing
napalabas,past
simmmangeret,arrived
agpatayab,to fly a kite
agwatwát,to exercise
makaturpos,to graduate
aglalangoy,swimming
agkarkararag,praying
agpapalakpak,clapping
insuro,taught
isursuro,is teaching
mangisuro,will teach
balabala,outline
pagsarsaritaan,topic
roman numeral,roman numeral
letra,letter
parupo,paragraph
seleksion,selection
higante,giant
pagrangiayan,passageway
isla,island
impalubos,allowed
nagiyawid,brought home
barangay,village
nagdiso,placed
dapanna,his sole
kinagat,bite
inkutina,shook off
nakazwit,carrying on the head
lubong,world
agbiag,to live
dumakkel,to grow
pangdalus,for cleaning
umungen,to collect
nagbanlawan,used for rinsing
aginnaw,to wash dishes
pangsibog,for watering
nalatak,famous
tumutukar,composer
nakaparsuat,created
tukar,song
mangmangngegan,can be heard
pagpabuyaan,place for shows
nanumo,humble
makatignay,moving
uni,sound
folk song,folk song
senian,arts
tema,theme
didigra,calamity
panangliklik,prevention
agdengdengngeg,listening
misa,mass
pinagdedenna,their rest day
natataengan,adults
nakauriiporme,wearing uniform
panagititenda,market day
agraragsak,rejoicing
pinagkakadwa,bonding time
moda,mode
simbolo,symbol
mabiqbiqbig,recognizable
traysikel,tricycle
de motor,motorized
tren,train
metropolis,metropolis
railroad networks,railroad networks
mangpabassit,to reduce
trapiko,traffic
pangpubliko,for public
ibagbaga,it says
agsisinnarita,conversing
pakammuan,to be informed about
bakbaklayek,i am carrying on my back
agkapet,hold on tight
nariknak,what i felt
nakapanunotak,what i thought
idrama,dramatize
tattao,people
nakapadasak,what i experienced
aldaw,day
makalawas,week
bulan,month
tawen,year
Domingo,Sunday
Lunes,Monday
Martes,Tuesday
Mierkoles,Wednesday
Huebes,Thursday
Biernes,Friday
Sabado,Saturday
Enero,January
Pebrero,February
Marso,March
Abril,April
Mayo,May
Hunio,June
Hulio,July
Agosto,August
Septiembre,September
Oktubre,October
Nobiembre,November
Disiembre,December
sungbat,answer
pagannurotan,instructions
adalen,study
laglagipen,remember
pannubok,test/quiz
petsa,date
nagan,name
sumaruno,next
nagtingngaan,between
kalendario,calendar
oras,ime
minuto,minute
ababa,short
atiddug,long
rupa iti relo,clock face
agpakanawan,clockwise
saglilima,increments of 5
panangibaga,telling
panangisurat,writing
adalen,study
pagarigan,example
pagannurotan,instructions
sungbat,answer
alas otso,eight o’clock
naited,given
pagparisen,match
idrowing,draw
panagsolbar,solving
parikut,problem
aldaw,day
makalawas,week
bulan,month
makatawen,year
oras,time
rabii,evening
bigat,morning
malem,afternoon
sumagmamano,several
immalis,left
agawid,return home
rambakan,celebrate
kasangay,birthday
lawas,week
sumaruno,next
maika-udi,last
maikatlo,third
maikadua,second
maika-innem,sixth
nagtingngaan,between
nakatudo,pointing
ima,hand (clock)
ababa,short
atiddug,long
naggapu,came from
agpakannawan,clockwise
taltalon,field
ayanda,hometown
nagay-ay-ayam,played
timmultulong,helped
pagannurotan,instruction
pagarigan,example
sungbat,answer
lagip,remember
nadanun,arrived
pimmanaw,departed
gimmatang,bought
ited,give
kalpasan,after
rukod,length 
dagsen,weight
malaon,capacity
panangrukod,measuring
panangpatta-patta,estimating
kinaatiddug,length
paper clip,paper clip
palito ti gurabis,matchstick
popsicle stick,popsicle stick
lapis,pencil
galot,string
dagiti bambanag,objects
kadagsen,weight
bulintik,marble
barya,coin
kapasidad,capacity
pagkargaan,container
danum,water
baso,glass
pitser,pitcher
garapon,jar
dakdakkel,big
basbassit,small
maikarga,to be filled
pagarigan,example
pagannurotan,instructions
panangkita,viewing
marisan,classify
panagiggem,lifting
nadagdagsen,heavier
nalaglag-an,lighter
pangkablaaw,greeting
dua,two
lima,five
innem,six
kas kaatiddug,same length
sumaganad,following
agtitinnulong,helping each other
agduma,have different meanings
isurat,write
panagusar,using
pangrukod,measuring tool
ima,hand
agkalanga,similar-looking
pictograph,pictograph
linaon,information
panangilawlawag,explaining
datos,data
paulo,title
prutas,fruit
mangga,mango
saba,banana
mansanas,apple
kahel,orange
maris,color
ay-ayup,animals
baboy,pig
manok,chicken
pato,duck
kalding,goat
taraken,raise
naduma-duma,various
bilang,number
kaaduan,most
kabassitan,least
nagdumaan,difference
sumaganad,following
adalen,study
basaen,read
isurat,write
timbukelan,encircle
rumbeng,appropriate
pagluganan,transportation
traysikel,tricycle
padyak,pedicab
bisikleta,bicycle
modesta,tailor
dagait,sew
aldaw iti makalawas,days of the week
tallo pulo,thirty
uppat a pulo,forty
lima pulo,fifty
innem a pulo,sixty
dua pulo,twenty
lima,five
ladawan,picture
ababa,short
ab-ababa,shorter
kaababaan,shortest
atiddug,long
at-atiddug,longer
kaatiddugan,longest
nalag-an,light
nalaglag-an,lighter
kalag-anan,lightest
nadagsen,heavy
nadagdagsen,heavier
kadagsenan,heaviest
urnosen,arrange
bambanag,objects
bassit,small
kabassitan,biggest
laso,ribbon
buok,hair
maris,color/ribbon
tugaw,chair
lamisaan,table
kabinet,cabinet
pagarigan,example
pagannurotan,instruction
panangranggo,ranking
ragup,group
isilpo,match
balikas,word
panagsasaruno,sequence
numero,number
panangbigbig,identifying
pannangiparangarang,representing
pangbilang,numeral
simbolo,symbol
balikas,word
bambanag,objects
ragup,group
adalen,study
sungbat,answer
ladawan,picture
pagsasaritaan,discussion
pannubok,test
maysa,one
dua,two
tallo,three
uppat,four
lima,five
innem,six
pito,seven
walo,eight
siam,nine
sangapulo,ten
duapulo,twenty
tallopulo,thirty
uppat a pulo,forty
limapulo,fifty
innem a pulo,sixty
pitopulo,seventy
walopulo,eighty
siam a pulo,ninety
sangagasut,one hundred
napan,went
gimmatang,bought
naggapu,came from
pagrigat,difficulty
naimbag,good
naragsak,joyful
anak,child
nanang,mother
notbuk,notebook
lapis,pencil
papel,paper
bag,bag
pageris,eraser
krayola,crayon
ad-adu,more 
basbassit,less 
bilang,number
numero,number
kantidad,quantity
dakdakkel,greater
kurang,less
sungbat,answer
pagsasaritaan,discussion
pagannurutan,instructions
aramid,task
ragup,group
bunga,fruit / mango
mangga,mango
innem,six
pito,seven
adalen,study
liplipatan,forget
pagdasigen,compare
sagut,gift
tsokolate,chocolate
nakaawat,received
nagpuros,gave one
nagsukdal,picked
arubay,nearby
inkabel,placed
naala,got
ubbing,children
tarabay,assist
saggaysa,ones
sagsangapulo,tens
sagsangagasut,hundreds
iragup,to group
ragup,group
ad-adu ngem,more than
basbassit ngem,less than
kas kaadu,as many as
kabassitan,least
kaaduan,greatest
bambanag,objects
prutas,fruits
saba,banana
bayyabas,guava
labba,basket
mansanas,apples
mangga,mango
ay-ayam,toys
kotse-kotsehan,toy car
bola,ball
yoyo,yoyo
kallugong,hat
adalen,study
sungbat,answer
pagauna a sarita,introduction
pagsasaritaan,discussion
pannubok,test
pagdasigen,compare
inikarga,placed
napigges,correct
inkabel,put
panagbasa,reading
panagbilang,counting
numero,number
bilang,count
simbolo,symbol
balikas,word
pagsasaritaan,discussion
pagannurutan,instructions
parikut,problem
sungbat,answer
timbukelan,encircle
bilangen,count
nateng,vegetables
kamatis,tomato
petsay,pechay
parya,bitter gourd
tarong,eggplant
naduma-duma,various
arubayan,backyard
pagwanawanan,conclusion
tallo pulo,thirty
uppat a pulo,forty
limapulo,fifty
pitopulo,seventy
walopulo,eighty
siam a pulo,ninety
sangagasut,one hundred
maysa,one
dua,two
tallo,three
uppat,four
lima,five
innem,six
pito,seven
walo,eight
siam,nine
sangapulo,ten
duapulo,twenty
tallopulo,thirty
naited,given
umno,correct
pagsasao,language
modyul,module
aaramiden,activity
place value,place value
sagsangapulo,tens
saggaysa,ones
dua a digit,two-digit
maysa a digit,one-digit
batog,column
tsart,chart
immuna,first
naited,given
amin,all
pagannurutan,instructions
saludsod,question
sungbat,answer
adalem,study deeply
bilangen,count
inikkan,given
inwaras,distributed
nagpuros,harvested
bambanag,objects
bola,ball
lapis,pencil
kamatis,tomatoes
mangga,mango
santol,santol
biskwit,biscuits
modyul,module
pagsasao,language
pagwanawanan,conclusion
ad-adu ngem,greater than
basbassit ngem,less than
kapada,equal
idasig,compare
dasig,comparison
dakdakkel,greater/bigger
basbassit,smaller/less
ragup,group
ladawan,picture
bilang,number/count
simbolo,symbol
pakainaigan,comparison/relationship
uged,blank/space
tiendaan,store
ginatang,bought
pinya,pineapple
mansanas,apple
saba,banana
balor,value
kuarta,money
sinsilio,coin
unit ti kuarta,denomination
pagannurutan,instructions
sungbat,answer
adalen,study
tarusan,understand deeply
pagdasigen,comparing
pannubok,test/exercise
maiparang,shown
maragsakan,to enjoy
ad-adu ngem,greater than
basbassit ngem,less than
kapada,equal
dakdakkel,greater/bigger
basbassit,smaller
idasig,compare
dasig,comparison
pakainaigan,relationship
ladawan,picture
ragup,group
bilang,number
simbolo,symbol
uged,blank/space
liplipatan,forget
tiendaan,store
ginatang,bought
pinya,pineapple
mansanas,apple
saba,banana
balor,value
kuarta,money
sinsilio,coin
papel a kuarta,paper bill
pagsasaritaan,discussion
pagannurutan,instructions
sungbat,answer
panagsasaruno,ordering
urnos,order
kaaduan,greatest
kabassitan,least
sensilio,coin
kuarta,money
kuarta a papel,paper money
gatad,value
piso,peso
sentimo,centavo
tiendaan,store
ginatang,bought
puraw,white
nalabbaga,red
duyaw,yellow
bilangen,count
pagannurutan,instructions
pagsasaritaan,discussion
sungbat,answer
istoria,story
ladawan,picture
pateg,amount
ragup,group
pannubok,test
inikkan,given
gumatang,to buy
adda,there is
panamagtipon,combining
panangragup,grouping
ragup,set
taraken,raise
kalding,goat
manok,chicken
pagannurutan,instructions
sungbat,answer
adalen,study
ladawan,picture
iparis,match
idrowing,draw
ayup,animal
bambanag,objects
paidda,horizontal addition
patakder,vertical addition
dagup,sum
mansanas,apple
mangga,mango
sabong,flower
rosas,rose
nalabbaga,red
puraw,white
tsart,chart
kendi,candy
tsokolate,chocolate
naluom,ripe
padasen,try
aramiden,do
tayahin,assess
problema,word problem
saggaysa,ones
sagsangapulo,tens
sagsangagasut,hundreds
panagragup,grouping
ragup,group
bayyabas,guava
santol,santol
chico,chico
saba,banana
ladawan,picture
pagdasigen,compare
ad-adu ngem,more than
basbassit ngem,less than
kas kaadu,as many as
nagburas,harvested
labba,basket 
uged,blank/space
kallugong,hat
kotse-kotsehan,toy car
bola,ball
balikas,number word
simbolo,numeral
nateng,vegetable
kamatis,tomato
petsay,pechay
parya,bitter gourd
tarong,eggplant
tallopulo,thirty
uppat a pulo,forty
limapulo,fifty
pitopulo,seventy
walopulo,eighty
siam a pulo,ninety
panangkissay,subtraction
minuend,minuend
subtrahend,subtrahend
difference,difference
paidda,horizontal
patakder,vertical
bolintik,marble
lobo,balloon
nalako,sold
nabati,remaining
balut,salted egg
pannubok,test
subuken,solve
uged,blank
adalen,study
panunoten,think
bayyabas,guava
koneho,rabbit
aramiden,activity
dagup,sum
difference,difference
salsaludsod,questions
tiendaan,store
imbati,remaining
pannakaawat,understanding
nakaburas,harvested
kamatis,tomatoes
basket,basket
panagusar,using
addang,steps
tsokolate,chocolate
lallaki,boys
babbai,girls
dulse,candy
kandela,candle
indasar,served
paneknekan,verify
problema,problem
aramid,work
imbati,remaining
ragup,group
bambanag,objects
pagsinaen,separate
panangiladawan,describe
panangisina,divide
agpapada,equal
linaon,quantity
nagay-ayam,played
kulibangbang,butterfly
tugaw,chair
marisan,match
uged,blank
adalen,study
pagarigan,example
idrowing,draw
sangabukel,whole
kagudua,half
guduaen,divide in half
apagkapat,quarter
nabingaybingay,divided
paset,part
sukog,shape
marisan,shade
paborito,favorite
panangbingay,dividing
panangbigbig,identifying
kagudua,half
kakapat,fourth
ragup,group
panangbingay,dividing
panangbigbig,identifying
panangiladawan,illustrating
maaddaan,containing
ladawan,picture
maipakita,to show
pagarigan,example
saba,banana
mangga,mango
lapis,pencil
tugaw,chair
uged,blank
timbukelan,encircle
kur-it,check mark
naragsak,happy
naliday,sad
pagsinaen,separate
sukog,shape
kuadrado,square
rektanggulo,rectangle
trianggulo,triangle
timbukel,circle
solido,solid
kahon,box
lata,can
bola,ball
cylindrical,cylindrical
cone,cone
sphere,sphere
pagdinnasigen,compare
pagsilpuen,match
kadagupan,whole
sangabukel,whole
rabaw,surface
pattern,pattern
sukog,shape
maris,color
kadakkel,size
sagdudua,counting by twos
agbilbilang,counting
maaw-awan,missing
urnos,order
pagarigan,example
aramiden,activity
timbukelan,encircle
ladawan,picture
adalen,study
panagnayon,addition
panagkissay,subtraction
dagup,sum
addend,addend
holen,marble
pagtipunen,combine
ikissay,subtract
kur-it,check mark
lobo,balloon
aramiden,activity
maawatam,you will understand
leksion,lesson
awan a numero,missing number
panangsolbar,solving
panangbigbig,identifying
pagnayunen,add
pagkissayen,subtract
trianggulo,triangle
timbukel,circle
maikadua,second
umuna,first
solbaren,solve
sungbat,answer
mo,your
diay alog,at the river
patang,sentence
silid-pagbasaan,reading corner
idi nagtudo,when it rained
ti kuton,the ant
tulnek,dot
mabalin,it can be
naganan,named
babaen,through
letra ,letter
linya ,line
dua,two
ipaatiddog,extended
awan,none
awan patingga,no end
agsinniping,intertwined
saan nga mabalin,it can't be
maysa,one
mapaatidog,extended
turong,direction
agayayamda,playing
kitaen,see
idiay,where
pinagdissuan,landed
da,them
ken,and
ania,what
nagdissuan,landed
madi,can't
agsabat,meet
simbolo,symbol
ipakpakita,shows
agsinnabat,meet
saan a,can't
suli,corner
pagadalan,school
ladawan,pictures
agpada,similar
kaatiddog,length
wenno,or
ikabil,place
ngatuen,above
makita,see
no ti,if the
awagan,call
tayo,we
datayo,we are
awagan tayo,lets call
haan,not
lasinen,identify
pares,pair
isurat,write
sungbat,answer
kahon,box
paset,sheet
agkakaingas ,similar
maugedan,underlined
agsumbangir,both sides
sukog,shape
banag,object
nakupin,folded
agpada,similar
rektanggulo,rectangle
maibagayo,what can you say
maiyuged,drawn
tingnga,middle
trianggulo,triangle
kupinen,fold
apag-isu nga agpada,the same
sikigna,its side
panaggudua,halfing
ugedan,underlined
nagtingngaan,middle
umiso,correctly
panakauged,drawn
agkakaingas ,similar
maam-muam,you will know
maaw-awan,missing
pagtuladan ,example
arranged,arranged
naurnos,tidy
maulit,repeated
urnos,order
pagsasaruno,succession
numero,number
agpangato,rising
agpababa,descending
pinagkainnaigan,relationship
panangbirok,finding
nagiddiatan,difference
nagbaitan nga giddiat,difference
sumaruno,next
bunggoy,group
pannakaurnos,organized
napartuat,created
umno,correctly
maikabil,placed
klase,kind
pagarigan,example
tatta,now
kitaen,lets see
tandaanam,remember
kasupadi,opposite
naiyulom,memorised
dakkel,big
makatulong,It can help
dakkel nga makatulong,big help
matsek,to check
patta-pattaen,estimate
usigentayo,consider
maala,get
mamin-adu,how many times
mainayon,added
bayat,while
masapul,must
dadduma,other
tallo,three
taglima,five each
kutsara,spoon
dagup ,total
gapuna,therefore
mamitlo,three times
paaduem,increase
mausar,used
kusto,properly
kailangan tayo,we need to
adda ti uneg,inside
uneg,inside
sakbay,before
maala,get
naala,got
e-regroup,regrouped
agingga,until
sakupen,cover
isumet ,the same
napatta,speculated
sungbat,answer
husto,right
sagmamaysa,one by one
pullo,part
kapanunotan,mind
tunggal,each
masapulan,need
amirisen,analyze
pakailawlawagan,explanation
sumaganad,following
dalan,paths
pannaka iwanwan,guidance
basaen,read
parikut,problem
botelya,bottle
proyekto,project
plete na ti lugan,his fare
upat,four
lima,five
innem,six
pito,seven
walo,eight
syam,nine
sangapulo,ten
bingayen,divide
usto,correct
pinagbibingay,divide
ikkaten,remove
agpanunot,think
surbaran,solve
wagas,ways
apag-isu,exactly
nasurok,more than
kabaelam,what can you do
imana,hand
rikos ,round
agkuti,moves
kompleto,complete
aldaw,days
makabulan,months
makatawen,every year
mililitro,mililiter
timba,bucket
litro,liters
danum,water
umin inom,drinking
inaldaw,every day
mano,how many
in inumenna,he drinks
agalaon,hold
kasapulan,needs
mapunno,fill
pitsel,jug
pagkargaan,container
nagluto,cook
nakausar,used
pagrukod,measuring tool
kuaderno,notebook
datos,data
tsart,chart
napalabas,previous
leksion,lesson
nakaurnos,arranged
matarusan,understand
mapalaka,make it easier
mapalaka a matarusan,easily understand
saludsod,questions
narigantanka,struggle
dataos iti graph,data in the graph
impormasion,information
kasapulam,you needed
ar-aramaten,use
ar-aramiden,doing
amin,all
amin nga araramiden,every task
pannakelangen,need
inaldaw-aldaw,everyday
kansion,song
naragsakan,are happy
kasatnu ngata kaado,how many
mano,how many
panangiparang,represented
ammoyo kadi,do you know
ka,you
ribu,thousands
panagaramat,using
addana,are there
sagsangapulo,tens
sagmamaysa,ones
matarusan a nalaeng,understand properly
palawag,explanation
pagannurutan,steps
nailanad,laid out
matulungannaka,to help you
nagduduma a saludsud,different questions
agramattayo,we use
pungto,end
sankadakkelan,largest
agpabpabassit,smallest
kamen,pieces
Bigat,Morning
Malem,Afternoon
Nangrugi,Started
Malpas,Ended
Domingo,Sunday
Lunes,Monday
Martes,Tuesday
Mierkoles,Wednesday
Huebes,Thursday
Biernes,Friday
Sabado,Saturday
addaan,has/have
agadal,to study
agbasa,to read
agdalus,to clean
agpasyar,to go for a walk
aldaw,day
ammo,know
ania,what
bigat,morning
bulan,month
inaldaw,every day
intono,on
itatta,now
kasangay,birthday
kumita,to look
lawas,week
malem,afternoon
malpas,to finish; ended
mano,how many
masapul,necessary
minuto,minute
napalabas,passed
nangrugi,started
oras,time
pag-orasan,clock
parbangon,dawn
rabii,night
sakbay,before
segundo,second
tallo,three
tapno,so that
tultulungan,is helping
ubbing,child
umuna,first
maikadua,second
maikatlo,third
adalem,study
adalen,to study
addu,much
adingko,my younger sibling
agpada,equal
ania,what
Aramiden,Activity
asin,salt
asukar,sugar
atiddog,long
ballpen,ballpen
banag,thing
bambanag,things
basbassit,smaller
basaen,read
bigat,morning
bulong,leaf
danum,water
dakdakkel,bigger
diay,there
gatas,milk
gumatang,to buy
kaaduan,the most
kaatiidougan,the longest
kawayan,bamboo
krayola,crayon
ladawan,picture
lapis,pencil
likido,liquid
malaan,that which can be contained
maliklikam,you can avoid
mantika,cooking oil
masaor,to be shortchanged
mausar,to be used
nanangko,my mother
ngem,than
pad,sheet
pagrukod,tool for measuring
palengke,market
pantimbang,tool for weighing
paria,bitter melon
poste,post
ribon,ribbon
saba,banana
stick,stick
suka,vinegar
tali,rope
tarong,eggplant
tiendaan,store
timbukelan,encircle
tsinelas,slippers
ubbed,child
umno,correct
uged,box
Marukod,To be Measured
Pugto,Estimate
Rukod,Measurement
lamisaan,table
adalenyo,you will study
ballpen,ballpen
bambanag,things
baro,new
centimetro,centimeter
Distansya,Distance
karkulasyon,calculation
kampit,knife
kangato,height
kapuskol / kinapuskol,thickness
kawad,wire
kurvente,electricity
lalaingem,be skillful
lamisaan,table
lapis,pencil
libro,book
marukod,to be measured
maaramat,can be used
masapul,must
metro,meter
monoblock,monoblock
naduma-duma,various
pagtahar,chalk
papel,paper
pangrukod,measuring tool
pugto,estimate
pugtuan,to estimate
ridaw,window
rukod,measurement
ream,ream
tayag,height
tulbek,key
uged,box
umadayo,to be far
umno,correct
ruangan,door
balay,house
agsulbartayo,we solve
bigat,morning
ginatang,bought
gimmatang,bought
indidaw-aidaw,daily
ipapanna,in front of it
isuna,he
kambal,twin
kanayontayo,we always
katayag,height
kompleto,complete
laeng,only
lalaengem,be skillful
laso,ribbon
laglagipen,remember
maliklikan,can be avoided
makasalaw,to encounter
man,again
mano,how many
massaso,word
nagna,walked
nailanad,given
nataytayag,is taller
operasyon,operation
pamay-an,method
parikot,problem
pinagna,the distance walked
rumberg,should
saludsod,question
salsaludsoden,is being asked
sarita,word
solbaren,to solve
sulbaren,to solve
tattay,this
timmaray,ran
tinaray,the distance ran
ubraen,steps
adalenta,we will study
ag-estimate,to estimate
aglaklako,sellers
awag,call
bagas,rice
bambanag,things
bassit,small
daan,old
dagsen,weight
gimmatang,bought
gatangem,you are buying
inlako,sold
karrubada,their neighbor
kihadagsen,its weight
karkuluen,calculate 
kainrito,star apple
kinadagen,heaviness
kinlag-an,lightness
masursuro,learn
ladawan,picture
mabalin,can be
makarga,capacity
mangpugto,to predict
masuruan,to learn
nakaurnong,collected
nabati,was left
nadadagsen,heavy
nagburas,harvested
nagdumaanda,their difference
nailanad,given
nalaglag-an,light
nat-nateng,vegetables
pamay-an,method
pantimbang,weighing tool
pagrukod,measuring tool
prutas,fruits
pugto,prediction
sake,sack
sachet,sachet
sardinas,sardines
timbangan,weighing scale
tsokolate,chocolate
umadayo,to be far
umno,correct
agsaganakan,let's begin
biruken,find 
gimmatang,bought
ialaingem,be diligent
inang,mother
kabukelan,area
kaakaba,width
kaatiddog,length
kuadrado,square
kuartom,your room
lamisaan,table
maalam,to know
mabalin,can be
masapul,must
nailanad,given
pakabuklan,area
panagbilang,counting
panagmultiply,multiplying
pigura / sukog,figure
rektanggulo,rectangle
rukod,measurement
salsaludsoden,is being asked
tunggal,each
igid,side
ules,blanket
Abril,April
adalen,to study
ag-interpret,to interpret
aglaklako,to sell
aglawlaw,surroundings
aldaw,day
Bilang,Number
botas,boots
datos,data
differencena,their difference
Enero,January
graph,graph
Grado,Grade
Huebes,Thursday
impormasion,information
ipakpakitana,it shows
kaaduan,the most
kabassitan,the fewest
kamatis,tomatoes
Lunes,Monday
maaw-awagan,is called
makinbagi,owner
Marso,March
Martes,Tuesday
Mayo,May
Mierkoles,Wednesday
naduma-duma,various
nagpalista,registered
nalako,sold
nalaing,good
nailadawan,pictured
paay-ayam,game
pagbasaran,key
pamiliada,their family
panagbilang,counting
panappaado,multiplying
paulo,title
Pebrero,February
pictograph,pictograph
raman,flavor
sapsapatos,shoes
tiendaan,store
uged,box
uppat,four
agbalin,becomes
agkissay,to subtract
aramiden,activities 
bumulod,to borrow
gimmatang,bought
gundaway,opportunity
haan nga mabalin,not possible
ikkat,subtract
inayan,added
inlako,sold
inwaras,distributed
kissayan,to be subtracted from
kuarta,money
mabati,will be left
mabingay,to be divided
maikkan,to be given
maipalawag,to be explained
maisuro,to be taught
makissayan,to be subtracted from
mangkissay,to subtract
mangrugi,to start
mausar,to be used
nabati,was left 
nagdumaan,difference
nailanad,given
naiwaras,were distributed
nakakabii,found
panagikkat,the act of subtracting
panagkissay,subtraction
panunot,mind
panunuten,to think
pagannurotan,instructions
pagkapuyan,main point
pagsasao,story
saggaysa,ones
sagsangapulo,tens
sagsanggasut,hundreds
saludsod,question
sungbat,answer
umno,correct
umong,savings
addang,steps
agbalor,costing
agplano,to plan
aramaten,to be used
bagyo,typhoon
bato,stone
de lata,canned goods
eskwelaan,school
gapapaimbag,recovering
gimmatang,bought
inted,gave
karton,carton
kendi,candy
kuarta,money 
kuartana,his money
mabirukan,to be found
massaso,word
naapektaran,affected
naimbaganen,have recovered
nailanad,given
nakapidot,was able to pick
nakaumong,saved
nabati,was left
natinnag,fell
operasyon,operation
paganseran,for answering
panagep,about
panagkissay,subtraction
panaglako,selling
pangitedan,the place where it was given
pantalon,pants
papidot,to pick
puraw,white
rumbeng,should
salsaludsoden,is being asked
sungbat,answer
agasaruno,in order
agkissay,to subtract
agnayon,to add
blangko,blank
ikabil,to put
kurang,missing
laglagìpen,remember
maipanggep,about
maiyannurot,according to
manammama,it is expected
masarakan,can be found
naananay,clear
nainayun,included
panagkissay,subtraction
panagnayon,addition
panagsaruno,order
panakailadawan,illustration
sapulen,to find
solbaren,to solve
santo,and then
sungbat,answer
timbukelan,encircle
umuna,first
addang,steps
aggatad,costing
aglaklako,to sell
aglaon,to contain
amarillo,yellow
apong,grandfather
awag,call
dosena,dozen
estratehiya,strategy
gimmastos,spent
giraso,pieces
inlingta,harvested
inusar,used
kaarubana,his/her neighbor
kumpleto,complete
lastiko,rubber band
maipamuay,to be derived
mapamuay,to arrive at
malaan,can be contained
manamnama,it is expected
manang,older sister
naikkan,those who were given
nailako,sold
nakapurus,was able to harvest
naluom,ripe
nalating,carefully
panagitpon,addition
panagpanpanunot,thinking
pangluto,for cooking
pato,duck
plete,fare
puon,tree
saludsoal,question
taraken,to raise
taripnong,meeting
tilog,eggs
tinapay,bread
umno,correct
addaan,has
adalen,to study
agaayayam,playing
agadal,to study
agdrowing,to draw
agirabaho,to work
aglalagto,jumping
aglalangoy,swimming
amangna,his father
aramiden,activities
bagtawan,covers
balla-igim,progress
banag,thing
bawat,each
binilang,counted
bunga,fruit
danom,water
determinasyon,determination
idlay,there
inaldaw,everyday
inumos,grouped
ipakita,to show
Isuronaka,It will teach you
kadakayo,you
kalagtuan,jumps
kasatno,how
kulungan,cage
ladawan,picture
lagto,jump
lima,five
limlagto,jumped
macramid,created
maamwan,to be known
mabalin,can be
makakita,can see
Makaay-ayo,enjoyable
makatulong,can help
malawlawagan,to be clarified
manok,chickens
mapasayaat,to be improved
modyul,module
nakaburas,harvested
nakadepende,depends
nalaka,easy
nalaklaka,easier
namintallo,three times
napuros,harvested
naragsak,happy
nasayaat,well
ngata,perhaps
ngarud,so
paglaingan,skills
panagbilang,counting
panagpaado,multiplication
panagpanunot,thinking
panagsungbat,answering
panagtaripato,taking care of
panangiyaramid,doing
panangusar,using
panappaadu,multiplication
pannakatarus,understanding
paraanganda,their yard
paulit-ulit,repeated
puros,harvest
rabaw,surface
rambutan,rambutan
sananto,then
sumaganad,following
sumaruno,next
sungbat,answer
ta-aw,sea
tallo,three
taraken,animals to raise
tengnga,middle
timbukelan,encircle
tumpok,pile
tunggal,each
uasat,use
ubing,child
ulit,times
umno,correct
usaren,to use
addaan,have
adalen,to study
agdrowing,to draw
agirabaho,to work
agsabali,different
ammo,know
awan,none
balla-igim,progress
banag,thing
bukelan,encircle
kada,each
kabaelan,chores
kinargana,content
kulibangbang,butterfly
ladawan,picture
lumno,correct
ma-aw awan,missing
maala,obtained
maamwam,you will know
mabalin,can be
mainultiply,is multiplied
maipakita,is shown
makakita,can see
Makaay-ayo,enjoyable
makatulong,can help
malawlawagan,to be clarified
shown,you will improve
marramid,created
modyul,module
nakadepende,depends
nalaka,easy
nalaklaka,easier
naragragsak,happy
naiparang,shown
paglaingan,skills
panagpaado,multiplication
panagsungbat,answering
panaka-umos,arrangement
panangiyaramid,doing
panagusar,using
pannakataros,understanding
product,product
sagtallo,three each
saggaysa,one each
tig uppat,four each
tulungannaka,will help you
umuna,first
kaugalian ti pamilia,family traits
pangsandi a nagan,pronoun
nasustansya a taraon,nutritious food
gatas ti ina,mother's milk
nagita a kagat,creamy bite
kagat ti aso,dog bite
masikog nga ina,pregnant mother
lamisaan ti manursuro,teacher's table
nakamasitera a mula,potted plant
uggot ti karabasa,pumpkin stalk
mulagat a mata,open eyes
agkakaaweng a balikas,rhyming words
igid ti dalan,roadside
nasuyod a daga,harrowed soil
nalinis a danum,clean water
pakasaritaan ti komunidad,community stories
napigsa a tudo,heavy rain
nagadal a nalding,studied hard
inlutuan ti lugaw,cooked porridge
tinulungan a nagawit,helped carry
tiempo ti nepnep,cold weather
sultip ti pulis,police whistle
napateg a pasamak,important events
kangrunaan a kapanunutan,main idea
nangato a bantay,tall mountain
napigsa nga ngiwat,loud mouth
ngarab ti banga,pot lid
maysa nga ngilaw,one fly
kalbo a bantay,bald mountain
nabittak a lobo,popped balloon
datayo’t agmula.,we will plant.
dakami’t aglako.,we will sell.
isu’t maestro.,he is the teacher.
sika’t agpabpabasol.,you are the one who is blaming.
isuna’t anakko.,he is my child.
dakayo’t agbasa.,you will read.
isu’t agsursurat.,he is writing.
dakami’t agbasbasa.,we are reading.
dakayo’t aglanglangoy.,you are swimming.
isu’t aglutluto.,he is cooking.
napan gimmatang,went to buy
lima a rambutan,five rambutans
nabanglo a rosas,fragrant rose
napintas a rupa,beautiful face
atiddog a rangtay,long bridge
baro a relo,new watch
iyebkas ti daniw nga adda aksionna,express
nagtuktok ni dudon.,grasshopper knocked.
nagaget a mannalon,hardworking farmer
maradaga a maris.,orange color
umno nga ugali.,appropriate behavior
hawla ti billit,bird cage
nalawa nga hardin,wide garden
nadadayaw a pamarita,courteous expressions.
naimbag a bigat.,good morning.
naimbag a malem.,good afternoon.
naimbag a rabii.,good evening.
naimbag nga aldaw.,good day.
kumusta ka?,how are you?
awan aniaman.,you're welcome.
dispensaren nak.,please excuse me.
makikaasiak koma.,i humbly ask for your kindness.
agpakadaak koma.,i will take my leave.
aglisikaman dita!,you move out of the way!
ania daytoy?,what is this?
labasan kayon.,i'm passing through you.
umuna a tukad,first step.
agbuya sine,to watch a movie.
sarita a tignay,verbs
panangibaga ti oras,time signals
idi napalabas a tawen,last year
idi lunes,last monday
idi rabii,last night
inton sumaruno a tawen,next year
pudno a biag,real life
inaldaw a padas,everyday experience
karpintero... agaramid,carpenter... to make
billit... makatayab,birds... can fly
maestra... agag-agas,teacher... to treat illnesses
tuleng... agdengdenggeg,deaf person... to listen
dakkel a banga,big jar
kasla mailiwan,as if missing me
bugwan daytoy.,wash this.
taraken nga ayup,pet animal
surat a pannakigayyem,friendly letter
surat no kayat mo ti agpakada,excuse letter
pannakipatang,communication
"toy gayyemmo,",your friend
"toy nagsurat,",the one who wrote
makaumayka,you can come
saan a makastrek,cannot enter
naan-anay a pannakaawat,full understanding
kannawan a ngato,upper right
balikas-a-pagiladawan,adjectives
naragsak isuna.,he is happy.
pul-oy ti angin,breeze
timbukelan ti...,encircle the...
idrowing ti...,draw a...
pilien ti...,choose the...
singin-a-balikas,compound words
dagiti ogsobali a balikas,root words
tambalang-salita,compound words
ikahon dagiti...,box the...
nagnagna ni helen.,helen walked.
napartak nga agtaray,runs fast
haan a sigurado,not sure
panangbukel ti baro a balikas,word formation
agsisilpo a letra,cursive letters
dadakkel a letra,uppercase letters
babassit a letra,lowercase letters
agpapada a kaipapanan,similar meanings
agsusupadi a kaipapanan,opposite meanings
panagtungpal ti pagannurotan,following instructions
agparehas nga aweng,rhyming words
sarita a mangiladawan,describing word
idlay balay-pagdulinan.,in the storage house.
"yehey, nangabakkami!","yehey, we won!"
idiay panganan,at the eatery
panagsurat ti parupo,paragraph writing
maala nga adal,lesson learned
aktual a istoria,actual story
napigsa a pasamak,intense event
panagbasa a kanayon,constant reading
imprito nga manok,fried chicken
barito,young man
maalis,to be transmitted
awan pilpillienna,does not choose
pakampanti,to be complacent
bumarangay,barangay resident
barangay hall,barangay hall
maprotektaran,to protect oneself
makaalis nga sakit,infectious disease
sangka iggem,keep on touching
maig-iggaman,can be hold
natao a lugar,crowded place
naasideg a pannakilangenlangen,close contact
mapagtalkan nga awtoridad,trusted authorities
mabanglo a sabong,fragrant flower
nalinis nga aglawlaw,clean surroundings
mapukawen,will disappear
makastrektayon,we can meet
makaay-ayam,we can play
napapateg a tiempo,important occasions
naduma-duma a situasion,different situations
kumusta kayo,how are you
awan aniaman,you're welcome
dispensaren nak,forgive me
makikaasiak koma,i humbly request
agpakadakak koma,i will take my leave
agbassit met,it's too small
naimas kadi,is it delicious
aglisikaman dita,get out of the way
labasan kayon,i will just pass by you
pudno a biag,real life
inaldaw a padas,daily experiences
agmula mulagat,looking around intently
nabatil nga itlog,beaten egg
bado nga para balay,home clothes
intuno a bangus,roasted milkfish
panagaramid ti surat,letter writing
toy gayyemmo,your friend
agyamankami unay,we thank you very much
nagannak ni,parent of
naragsak a panagadal,happy learning
napan naglangoy,went swimming
naglabas ti panawen,time passed
agkapada a balikas,synonyms
agsupadi a balikas,antonyms
kada-huebes,every thursday
kada-domingo,every sunday
kada-martes,every tuesday
tengnga ti aldaw,noon
saankopay napadas,i have never experienced
kada mangan,every meal time
agbasaak madamdama.,i was reading a while ago.
idiay kuarto,in the room
idiay kosina,in the kitchen
idiay dalam,on the street
idiay banio,in the bathroom
idiay salas,in the living room
idiay balkonahe,on the balcony
idiay plasa,at the plaza
idiay taltalon,in the field
idiay tiendaan,at the market
idiay karayan,at the river
idiay kabinet,in the cabinet
idiay tugaw,on the chair
idiay tokador,on the dresser
idiay ospital,in the hospital
idiay lababo,at the sink
idiay parke,at the park
idiay sirok,underneath
idiay alaminos,in alaminos
idiay balay,at home
idiay botika,at the drugstore
idiay panaderia,at the bakery
kadagiti masetera,on the flower pots
idiay bangko,on the bench
idiay plaza,at the plaza
idiay mall,at the mall
idiay bolinao,in bolinao
idiay restoran,at the restaurant
aginnaw iti pinggan,wash dishes
agkukuyog a mangan,eat together
gumatang ti agas,bought medicine
nasustansia a makan,nutritious food
inton madanon,when it reaches
inuudi a kabsat,youngest sibling
saan a rumbeng,not proper
sumrek a nasapa,enter early
nadumaduma a rikna,different feelings
agpada a letra,same letter
agpada a numero,same number
kangrunaan a kasapulan,basic needs
panangtaripato ti bagi,body care
aggisigis ti ngipen,brushing teeth
agbuggo ti saka,washing feets
agdiram-os ti rupa,washing face
panagdalus ti bagi,body cleaning
nadalus a bagi,clean body
ugasen dagiti ima,washing hands
panangipakitia ti ayat,showing love
dakkel a letra,uppercase letters
bassit a letra,lowercase letters
suli ti paglaingan,art corner
suli ti pagbasaan,reading corner
suli ti salun-at,health corner
opisina ti prinsipal,principal's office
estasion ti polisia,police station
nabaliwan ti umos,changed arrangement
nadadayaw a sao,polite words
nadadayaw nga aramid,polite actions
naimbag a bigat,good morning
naimbag nga malem,good afternoon
naimbag a rabii,good evening
awan anyamanna,you're welcome
haanko ingagara,I did not mean to
nasayaat a sarsarita,good manners
dagiti kayatko,the things i like
naragsak a pamilia,happy family
naayat a nagannak,loving parents
nasingpet nga ubbing,kind child
nagaget nga annak,hardworking children
naanus a maestra,patient teacher
naragsak a mamalon,happy vendor
pangangarig a pagsasao,figurative language
nalabes a pangiladawan,exaggerated description
mamatiak a...,i believe that...
panagkunkunak...,in my opinion...
awanan iti obra,no job
nalabes a panangusar,excessive use
marigatan a makaturog,difficulty sleeping
maud-udi a mangan,eats last
agmannaneho iti dyip,jeepney drivers
pakakitaan,where it can be seen
nadalus nga ima,clean hands
panagbuggo ti ima,hand washing
obserbaran ti distansia.,observe distance.
makaanges,to be able to breathe
aginnayad,to slow down
nasayaat a tignay,good deed
dua-a-lebel a tarabay,two-level guide
kangrunaan a kapanunotan,main idea
katulungan a kapanunotan,supporting idea
pannaka-skeleton,skeleton structure
panangliklik iti covid 19,preventing covid-19
Panangibaga iti Oras,Telling Time
Nagawid isuna.,He went home.
Kumusta kayo ubbing!,Hello children!
Panagdinnasig Kadagiti Numero,Comparing Numbers
Panagsasaruno dagiti Numero,Ordering Numbers
Panangkissay a patakder,Subtraction vertically
Dagiti sungbat,The answers
Lalaingem ubbing!,"Be skillful, child!"
baro a lapis,new pencil
Lalaingem ubbing!,"Be skillful, child!"
bassit a sardinas,small sardines
Lalaingem ubing!,"Be skillful, child!"